{"i.instagram.com":{"/":{"csrftoken":{"key":"csrftoken","value":"zVV8VvnN2tLeu3rVwH9kotTBfRu2UMHK","expires":"2017-12-09T14:15:15.000Z","maxAge":31449600,"domain":"i.instagram.com","path":"/","secure":true,"hostOnly":true,"creation":"2016-12-09T12:02:48.041Z","lastAccessed":"2016-12-10T14:15:19.553Z"},"sessionid":{"key":"sessionid","value":"IGSC087c4ef4ce5308e11cb260e0218d795b623e5ea837f168aed1f041d648b95fd3%3AtWZosMTESd8lfZHvwFEiFgP2WPtAz8tC%3A%7B%22_token_ver%22%3A2%2C%22_auth_user_id%22%3A4204374332%2C%22_token%22%3A%224204374332%3As4GbH5Gom6IRObTKkDjCCc8rjZTEYBxq%3A85074c0e974d2bb97aafc3d11f73cfcbfb6ab764975dfa35c1067219d5b2696c%22%2C%22asns%22%3A%7B%2295.15.194.9%22%3A9121%2C%22time%22%3A1481371408%7D%2C%22_auth_user_backend%22%3A%22accounts.backends.CaseInsensitiveModelBackend%22%2C%22last_refreshed%22%3A1481371409.032946%2C%22_platform%22%3A1%2C%22_auth_user_hash%22%3A%22%22%7D","expires":"2017-03-10T12:03:29.000Z","maxAge":7776000,"domain":"i.instagram.com","path":"/","secure":true,"httpOnly":true,"hostOnly":true,"creation":"2016-12-09T12:02:48.044Z","lastAccessed":"2016-12-10T14:15:18.814Z"},"ds_user":{"key":"ds_user","value":"enguzelenucuz55","expires":"2017-03-09T12:02:49.000Z","maxAge":7776000,"domain":"i.instagram.com","path":"/","hostOnly":true,"creation":"2016-12-09T12:02:48.046Z","lastAccessed":"2016-12-10T14:15:18.814Z"},"mid":{"key":"mid","value":"WEqdaQABAAET_MGzeGb9ZpSwK8Q5","expires":"2036-12-04T12:02:49.000Z","maxAge":630720000,"domain":"i.instagram.com","path":"/","hostOnly":true,"creation":"2016-12-09T12:02:48.046Z","lastAccessed":"2016-12-10T14:15:18.814Z"},"ds_user_id":{"key":"ds_user_id","value":"4204374332","expires":"2017-03-10T14:15:15.000Z","maxAge":7776000,"domain":"i.instagram.com","path":"/","hostOnly":true,"creation":"2016-12-09T12:02:48.047Z","lastAccessed":"2016-12-10T14:15:19.553Z"},"is_starred_enabled":{"key":"is_starred_enabled","value":"yes","expires":"2036-12-04T12:02:52.000Z","maxAge":630720000,"domain":"i.instagram.com","path":"/","hostOnly":true,"creation":"2016-12-09T12:02:50.967Z","lastAccessed":"2016-12-10T14:15:18.814Z"},"s_network":{"key":"s_network","expires":"2016-12-10T15:14:19.000Z","maxAge":3600,"domain":"i.instagram.com","path":"/","hostOnly":true,"creation":"2016-12-10T13:56:08.308Z","lastAccessed":"2016-12-10T14:15:18.814Z"}}}}